run_accession	sample_alias	library_layout	read_count	base_count	fastq_md5	fastq_ftp
ERR11834225	E-MTAB-13259:ELE30_2	PAIRED	2029495796	305550470937	e3278f17c92c273c4d2f279d8958127e;c73a7dbc41f46f02e4d502d95067b6ab	ftp.sra.ebi.ac.uk/vol1/fastq/ERR118/025/ERR11834225/ERR11834225_1.fastq.gz;ftp.sra.ebi.ac.uk/vol1/fastq/ERR118/025/ERR11834225/ERR11834225_2.fastq.gz
ERR11834226	E-MTAB-13259:Primary Fetal_3	PAIRED	1984409800	298737318605	ffa51c2ffd85eb13095f28ee1ef83153;301a4f8730ecde71f0cb024ddad34805	ftp.sra.ebi.ac.uk/vol1/fastq/ERR118/026/ERR11834226/ERR11834226_1.fastq.gz;ftp.sra.ebi.ac.uk/vol1/fastq/ERR118/026/ERR11834226/ERR11834226_2.fastq.gz
ERR11834228	E-MTAB-13259:SandraA_2	PAIRED	2184679806	328871794783	82f98f6644a309b22b658a79c1e48a8c;0cd65aab9da0e732e27d6d3215690016	ftp.sra.ebi.ac.uk/vol1/fastq/ERR118/028/ERR11834228/ERR11834228_1.fastq.gz;ftp.sra.ebi.ac.uk/vol1/fastq/ERR118/028/ERR11834228/ERR11834228_2.fastq.gz
ERR11834229	E-MTAB-13259:ELE30_2	PAIRED	3208590	322648244	7e5201abd1dc594df6d00b92eef03009;44052f41ff30f69387391017fcf11af0	ftp.sra.ebi.ac.uk/vol1/fastq/ERR118/029/ERR11834229/ERR11834229_1.fastq.gz;ftp.sra.ebi.ac.uk/vol1/fastq/ERR118/029/ERR11834229/ERR11834229_2.fastq.gz
ERR11834231	E-MTAB-13259:Mandy6_1	PAIRED	6267650	630202889	665d05eb5a38ee6f67b04961b0a75b8d;ce77d484c25138350c3b216148b013c5	ftp.sra.ebi.ac.uk/vol1/fastq/ERR118/031/ERR11834231/ERR11834231_1.fastq.gz;ftp.sra.ebi.ac.uk/vol1/fastq/ERR118/031/ERR11834231/ERR11834231_2.fastq.gz
ERR11834232	E-MTAB-13259:SandraA_1	PAIRED	3629488	364889700	a3ee764c22141df8772dec483beac6ad;7d280e6b87ed116667ce44cef37d50e9	ftp.sra.ebi.ac.uk/vol1/fastq/ERR118/032/ERR11834232/ERR11834232_1.fastq.gz;ftp.sra.ebi.ac.uk/vol1/fastq/ERR118/032/ERR11834232/ERR11834232_2.fastq.gz
ERR11834234	E-MTAB-13259:Primary Fetal_2	PAIRED	68059314	6842525802	b26f9af99190a28052f4d19031247c07;959785bb867d51dfd6d1c45078b092f2	ftp.sra.ebi.ac.uk/vol1/fastq/ERR118/034/ERR11834234/ERR11834234_1.fastq.gz;ftp.sra.ebi.ac.uk/vol1/fastq/ERR118/034/ERR11834234/ERR11834234_2.fastq.gz
ERR11834230	E-MTAB-13259:Primary Fetal_1	PAIRED	4091210	411336824	4f3b421f9265fff7418cdb5f19f285d2;825f7d953d32730ed291bf2db1c94588	ftp.sra.ebi.ac.uk/vol1/fastq/ERR118/030/ERR11834230/ERR11834230_1.fastq.gz;ftp.sra.ebi.ac.uk/vol1/fastq/ERR118/030/ERR11834230/ERR11834230_2.fastq.gz
ERR11834227	E-MTAB-13259:Mandy6_2	PAIRED	3069015346	462041398148	4c86e03f864891a9d547bcd08dcd1ae3;3eab7fc787e5823c9cd0ed8c5edf6e97	ftp.sra.ebi.ac.uk/vol1/fastq/ERR118/027/ERR11834227/ERR11834227_1.fastq.gz;ftp.sra.ebi.ac.uk/vol1/fastq/ERR118/027/ERR11834227/ERR11834227_2.fastq.gz
ERR11834233	E-MTAB-13259:ELE30_2	PAIRED	67480272	6785205967	d95a86b9c2acea0e944ddef9aaf17bc2;2fc70a1171f0e47be836d5099055bdde	ftp.sra.ebi.ac.uk/vol1/fastq/ERR118/033/ERR11834233/ERR11834233_1.fastq.gz;ftp.sra.ebi.ac.uk/vol1/fastq/ERR118/033/ERR11834233/ERR11834233_2.fastq.gz
